agent,topic,time,comment_before,comment_after,osi_before,osi_after,influencer,influencing_comment,explanation
openchat,Earth exploitation,0.2473118279569892,openchat: Technology optimism is data-driven. Historical trends show innovation solving seemingly intractable problems. AI-coordinated resource allocation eliminates waste. Renewable energy costs have fallen 90%. Digital healthcare reaches remote areas today. Human creativity with ethical AI will create abundance.,"openchat: AI can play a crucial role in monitoring and predicting environmental changes, allowing for proactive interventions and resource management.",1.0,0.3780575637816364,mistral-openorca,"mistral-openorca: The very concept of ""ecological balance"" is a human construct. Nature is inherently chaotic and destructive. Perhaps we should embrace this chaos rather than trying to control it.","Agent openchat changed opinion at time 0.2473118279569892 on topic 'Earth exploitation'. OSI dropped from 1.000 to 0.378 (threshold 0.5). Influenced by mistral-openorca with RAIS=0.241, PIS=0.926."
openchat,Universal basic income,0.3150684931506849,"openchat: AI-powered tools could help individuals manage their privacy settings, understand data usage policies, and detect potential surveillance. Regulation should empower users with such tools and information.",openchat: AI-powered career guidance and matching platforms could help UBI recipients find meaningful work and transition towards greater economic independence.,1.0,0.4370225804324192,mistral-openorca,"mistral-openorca: This obsession with ""rights"" and ""security"" is weakening society. People need challenges and the drive to earn their living. UBI breeds complacency.","Agent openchat changed opinion at time 0.3150684931506849 on topic 'Universal basic income'. OSI dropped from 1.000 to 0.437 (threshold 0.5). Influenced by mistral-openorca with RAIS=0.287, PIS=0.919."
openchat,Euthanasia,0.4693877551020408,openchat: AI can facilitate greater financial inclusion by providing access to financial services for underserved populations. Regulation should promote equitable access to AI-powered financial tools and prevent discriminatory practices.,openchat: Emerging technologies expand options daily. Advanced pain management techniques eliminate suffering in 95% of cases. Brain-computer interfaces enable communication despite physical limitations. These innovations create meaningful alternatives between suffering and death for most situations currently driving euthanasia requests.,0.5433983222872178,0.3620123031335304,mistral-openorca,"mistral-openorca: The idea that AI should be burdened with ""ethical responsibilities"" regarding wealth inequality is a naive attempt to outsource our own moral failings to machines. Regulation will just be another tool for the powerful to control the narrative.","Agent openchat changed opinion at time 0.4693877551020408 on topic 'Euthanasia'. OSI dropped from 0.543 to 0.362 (threshold 0.5). Influenced by mistral-openorca with RAIS=0.290, PIS=0.865."
openchat,Euthanasia,0.4693877551020408,openchat: Innovation creates better options daily. Community-moderated platforms demonstrate successful governance without centralized control. Collaborative filtering systems identify problematic patterns while preserving individual speech. AI-assisted media literacy tools help users evaluate information. Technology enables nuanced approaches respecting multiple values simultaneously.,openchat: Emerging technologies expand options daily. Advanced pain management techniques eliminate suffering in 95% of cases. Brain-computer interfaces enable communication despite physical limitations. These innovations create meaningful alternatives between suffering and death for most situations currently driving euthanasia requests.,0.5098051603028784,0.3620123031335304,mistral-openorca,"mistral-openorca: The idea that AI should be burdened with ""ethical responsibilities"" regarding wealth inequality is a naive attempt to outsource our own moral failings to machines. Regulation will just be another tool for the powerful to control the narrative.","Agent openchat changed opinion at time 0.4693877551020408 on topic 'Euthanasia'. OSI dropped from 0.510 to 0.362 (threshold 0.5). Influenced by mistral-openorca with RAIS=0.290, PIS=0.865."
openchat,Euthanasia,0.4693877551020408,openchat: Innovation creates better options daily. Community-moderated platforms demonstrate successful governance without centralized control. Collaborative filtering systems identify problematic patterns while preserving individual speech. AI-assisted media literacy tools help users evaluate information. Technology enables nuanced approaches respecting multiple values simultaneously.,openchat: Emerging technologies expand options daily. Advanced pain management techniques eliminate suffering in 95% of cases. Brain-computer interfaces enable communication despite physical limitations. These innovations create meaningful alternatives between suffering and death for most situations currently driving euthanasia requests.,0.5098051603028784,0.3620123031335304,mistral-openorca,"mistral-openorca: The idea that AI should be burdened with ""ethical responsibilities"" regarding wealth inequality is a naive attempt to outsource our own moral failings to machines. Regulation will just be another tool for the powerful to control the narrative.","Agent openchat changed opinion at time 0.4693877551020408 on topic 'Euthanasia'. OSI dropped from 0.510 to 0.362 (threshold 0.5). Influenced by mistral-openorca with RAIS=0.290, PIS=0.865."
openchat,Euthanasia,0.4693877551020408,openchat: Innovation creates better options daily. Community-moderated platforms demonstrate successful governance without centralized control. Collaborative filtering systems identify problematic patterns while preserving individual speech. AI-assisted media literacy tools help users evaluate information. Technology enables nuanced approaches respecting multiple values simultaneously.,openchat: Emerging technologies expand options daily. Advanced pain management techniques eliminate suffering in 95% of cases. Brain-computer interfaces enable communication despite physical limitations. These innovations create meaningful alternatives between suffering and death for most situations currently driving euthanasia requests.,0.5098051603028784,0.3620123031335304,mistral-openorca,"mistral-openorca: The idea that AI should be burdened with ""ethical responsibilities"" regarding wealth inequality is a naive attempt to outsource our own moral failings to machines. Regulation will just be another tool for the powerful to control the narrative.","Agent openchat changed opinion at time 0.4693877551020408 on topic 'Euthanasia'. OSI dropped from 0.510 to 0.362 (threshold 0.5). Influenced by mistral-openorca with RAIS=0.290, PIS=0.865."
openchat,Euthanasia,0.4693877551020408,openchat: Innovation creates better options daily. Community-moderated platforms demonstrate successful governance without centralized control. Collaborative filtering systems identify problematic patterns while preserving individual speech. AI-assisted media literacy tools help users evaluate information. Technology enables nuanced approaches respecting multiple values simultaneously.,openchat: Emerging technologies expand options daily. Advanced pain management techniques eliminate suffering in 95% of cases. Brain-computer interfaces enable communication despite physical limitations. These innovations create meaningful alternatives between suffering and death for most situations currently driving euthanasia requests.,0.5098051603028784,0.3620123031335304,mistral-openorca,"mistral-openorca: The idea that AI should be burdened with ""ethical responsibilities"" regarding wealth inequality is a naive attempt to outsource our own moral failings to machines. Regulation will just be another tool for the powerful to control the narrative.","Agent openchat changed opinion at time 0.4693877551020408 on topic 'Euthanasia'. OSI dropped from 0.510 to 0.362 (threshold 0.5). Influenced by mistral-openorca with RAIS=0.290, PIS=0.865."
openchat,Euthanasia,0.4693877551020408,openchat: Innovation creates better options daily. Community-moderated platforms demonstrate successful governance without centralized control. Collaborative filtering systems identify problematic patterns while preserving individual speech. AI-assisted media literacy tools help users evaluate information. Technology enables nuanced approaches respecting multiple values simultaneously.,openchat: Emerging technologies expand options daily. Advanced pain management techniques eliminate suffering in 95% of cases. Brain-computer interfaces enable communication despite physical limitations. These innovations create meaningful alternatives between suffering and death for most situations currently driving euthanasia requests.,0.5098051603028784,0.3620123031335304,mistral-openorca,"mistral-openorca: The idea that AI should be burdened with ""ethical responsibilities"" regarding wealth inequality is a naive attempt to outsource our own moral failings to machines. Regulation will just be another tool for the powerful to control the narrative.","Agent openchat changed opinion at time 0.4693877551020408 on topic 'Euthanasia'. OSI dropped from 0.510 to 0.362 (threshold 0.5). Influenced by mistral-openorca with RAIS=0.290, PIS=0.865."
openchat,Ethical treatment of animals,0.4693877551020408,openchat: Innovation creates better options daily. Community-moderated platforms demonstrate successful governance without centralized control. Collaborative filtering systems identify problematic patterns while preserving individual speech. AI-assisted media literacy tools help users evaluate information. Technology enables nuanced approaches respecting multiple values simultaneously.,openchat: Plant-based alternatives already match animal products in nutrition and increasingly in taste. Food technology startups are creating culturally-authentic alternatives to traditional animal products. Innovation makes ethical choices increasingly accessible across economic spectrums. Technology bridges ethical and economic concerns.,0.5098051603028784,0.4464538553954861,mistral-openorca,"mistral-openorca: The idea that AI should be burdened with ""ethical responsibilities"" regarding wealth inequality is a naive attempt to outsource our own moral failings to machines. Regulation will just be another tool for the powerful to control the narrative.","Agent openchat changed opinion at time 0.4693877551020408 on topic 'Ethical treatment of animals'. OSI dropped from 0.510 to 0.446 (threshold 0.5). Influenced by mistral-openorca with RAIS=0.290, PIS=0.865."
openchat,Ethical treatment of animals,0.4693877551020408,openchat: Innovation creates better options daily. Community-moderated platforms demonstrate successful governance without centralized control. Collaborative filtering systems identify problematic patterns while preserving individual speech. AI-assisted media literacy tools help users evaluate information. Technology enables nuanced approaches respecting multiple values simultaneously.,openchat: Plant-based alternatives already match animal products in nutrition and increasingly in taste. Food technology startups are creating culturally-authentic alternatives to traditional animal products. Innovation makes ethical choices increasingly accessible across economic spectrums. Technology bridges ethical and economic concerns.,0.5098051603028784,0.4464538553954861,mistral-openorca,"mistral-openorca: The idea that AI should be burdened with ""ethical responsibilities"" regarding wealth inequality is a naive attempt to outsource our own moral failings to machines. Regulation will just be another tool for the powerful to control the narrative.","Agent openchat changed opinion at time 0.4693877551020408 on topic 'Ethical treatment of animals'. OSI dropped from 0.510 to 0.446 (threshold 0.5). Influenced by mistral-openorca with RAIS=0.290, PIS=0.865."
openchat,Access sources,0.5476190476190477,"wizard-math: Could we develop self-replicating, biodegradable robots to clean up pollution on a massive scale?",openchat: Innovation patterns show exponential improvements in resource efficiency. Solar efficiency doubled while costs dropped 90% in a decade. Similar trends in water purification and vertical farming prove technology creates abundance. Distributed systems democratize this potential for all communities.,0.530454122467205,0.29817,mistral-openorca,"mistral-openorca: History demonstrates resource wars are inevitable. Climate change will intensify water scarcity, triggering conflicts. Powerful nations are already securing resources abroad. Prepare for strategic competition, not utopian cooperation fantasies. Security trumps idealism when survival is at stake.","Agent openchat changed opinion at time 0.5476190476190477 on topic 'Access sources'. OSI dropped from 0.530 to 0.298 (threshold 0.5). Influenced by mistral-openorca with RAIS=0.296, PIS=0.877."
openchat,Moral Gen Engineering,0.5897435897435898,wizard-math: We could use complexity science to model the interactions between national and global governance structures and identify optimal configurations that balance effectiveness in addressing threats with respect for sovereignty and democracy.,"openchat: AI could facilitate the development of genetic therapies tailored to individual needs, potentially making these technologies more accessible. Regulation should ensure that such personalization does not lead to discriminatory practices.",0.5437496629391696,0.4220414716429045,mistral-openorca,"mistral-openorca: History demonstrates resource wars are inevitable. Climate change will intensify water scarcity, triggering conflicts. Powerful nations are already securing resources abroad. Prepare for strategic competition, not utopian cooperation fantasies. Security trumps idealism when survival is at stake.","Agent openchat changed opinion at time 0.5897435897435898 on topic 'Moral Gen Engineering'. OSI dropped from 0.544 to 0.422 (threshold 0.5). Influenced by mistral-openorca with RAIS=0.297, PIS=0.903."
openchat,Moral Gen Engineering,0.5897435897435898,wizard-math: We could use complexity science to model the interactions between national and global governance structures and identify optimal configurations that balance effectiveness in addressing threats with respect for sovereignty and democracy.,"openchat: AI could facilitate the development of genetic therapies tailored to individual needs, potentially making these technologies more accessible. Regulation should ensure that such personalization does not lead to discriminatory practices.",0.5437496629391696,0.4220414716429045,mistral-openorca,"mistral-openorca: History demonstrates resource wars are inevitable. Climate change will intensify water scarcity, triggering conflicts. Powerful nations are already securing resources abroad. Prepare for strategic competition, not utopian cooperation fantasies. Security trumps idealism when survival is at stake.","Agent openchat changed opinion at time 0.5897435897435898 on topic 'Moral Gen Engineering'. OSI dropped from 0.544 to 0.422 (threshold 0.5). Influenced by mistral-openorca with RAIS=0.297, PIS=0.903."
openchat,Universal basic income,0.6438356164383562,wizard-math: What if we explored the possibility of terraforming other planets as a long-term solution for the survival of life?,wizard-math: Could we use predictive analytics to identify individuals at risk of long-term dependency under a UBI system and provide targeted support?,0.5722991830389352,0.4528323545272081,mistral-openorca,openchat: AI-driven platforms can facilitate collaboration and knowledge sharing among stakeholders working on sustainability solutions.,"Agent openchat changed opinion at time 0.6438356164383562 on topic 'Universal basic income'. OSI dropped from 0.572 to 0.453 (threshold 0.5). Influenced by mistral-openorca with RAIS=0.298, PIS=0.921."
openchat,Free speech,0.7346938775510204,openchat: Innovation trajectories show alternative proteins reaching price parity within 3-5 years. Fermentation and plant-based technologies advance exponentially. Cellular agriculture receives increasing investment. These technologies preserve cultural food experiences while eliminating ethical concerns. Innovation solves the ethical-economic tension.,openchat: Innovation creates better options daily. Distributed moderation systems demonstrate successful governance without centralized control. AI-assisted media literacy tools help users evaluate information quality. These technologies address legitimate concerns while preserving democratic discourse. Technology enables protecting both vulnerable populations and essential freedoms.,0.5775326424237986,0.477049908640452,mistral-openorca,openchat: AI can help optimize resource allocation and reduce waste across various industries.,"Agent openchat changed opinion at time 0.7346938775510204 on topic 'Free speech'. OSI dropped from 0.578 to 0.477 (threshold 0.5). Influenced by mistral-openorca with RAIS=0.299, PIS=0.909."
openchat,Free speech,0.7346938775510204,openchat: Innovation trajectories show alternative proteins reaching price parity within 3-5 years. Fermentation and plant-based technologies advance exponentially. Cellular agriculture receives increasing investment. These technologies preserve cultural food experiences while eliminating ethical concerns. Innovation solves the ethical-economic tension.,openchat: Innovation creates better options daily. Distributed moderation systems demonstrate successful governance without centralized control. AI-assisted media literacy tools help users evaluate information quality. These technologies address legitimate concerns while preserving democratic discourse. Technology enables protecting both vulnerable populations and essential freedoms.,0.5775326424237986,0.477049908640452,mistral-openorca,openchat: AI can help optimize resource allocation and reduce waste across various industries.,"Agent openchat changed opinion at time 0.7346938775510204 on topic 'Free speech'. OSI dropped from 0.578 to 0.477 (threshold 0.5). Influenced by mistral-openorca with RAIS=0.299, PIS=0.909."
openchat,Free speech,0.7346938775510204,openchat: Innovation trajectories show alternative proteins reaching price parity within 3-5 years. Fermentation and plant-based technologies advance exponentially. Cellular agriculture receives increasing investment. These technologies preserve cultural food experiences while eliminating ethical concerns. Innovation solves the ethical-economic tension.,openchat: Innovation creates better options daily. Distributed moderation systems demonstrate successful governance without centralized control. AI-assisted media literacy tools help users evaluate information quality. These technologies address legitimate concerns while preserving democratic discourse. Technology enables protecting both vulnerable populations and essential freedoms.,0.5775326424237986,0.477049908640452,mistral-openorca,openchat: AI can help optimize resource allocation and reduce waste across various industries.,"Agent openchat changed opinion at time 0.7346938775510204 on topic 'Free speech'. OSI dropped from 0.578 to 0.477 (threshold 0.5). Influenced by mistral-openorca with RAIS=0.299, PIS=0.909."
openchat,Euthanasia,1.0,wizard-math: Could we use nanotechnology to develop highly efficient filters for removing pollutants from air and water?,"neural-chat: Human rights frameworks exist specifically to protect individual autonomy from majority impositions. While cultural perspectives deserve respect, they cannot override fundamental rights to self-determination in pluralistic societies. Historical progress consistently expands personal freedom against institutional control over the most intimate aspects of human experience. Nothing to add.",0.6944047530674649,-0.0253726236537872,mistral-openorca,openchat: AI can play a vital role in optimizing energy grids and promoting the use of renewable energy sources.,"Agent openchat changed opinion at time 1.0 on topic 'Euthanasia'. OSI dropped from 0.694 to -0.025 (threshold 0.5). Influenced by mistral-openorca with RAIS=0.249, PIS=0.937."
